,buy/sell,time,price,stop loss,LTC_balance,USDT_balance
0,buy,2018-02-03 07:59:59.999,125.99,False,0.7937137868084769,0
1,sell,2018-02-03 09:59:59.999,129.43,True,0.0,102.73037542662118
2,buy,2018-02-04 15:59:59.999,155.99,True,0.6585702636490876,0
3,sell,2018-02-04 17:59:59.999,150.6,True,0.0,99.18068170555259
4,buy,2018-02-04 19:59:59.999,152.61,True,0.6498963482442341,0
5,sell,2018-02-04 21:59:59.999,145.17,True,0.0,94.34545287461546
6,buy,2018-02-05 17:59:59.999,133.84,True,0.7049122300852918,0
7,sell,2018-02-05 19:59:59.999,125.61,True,0.0,88.5440252210135
8,buy,2018-02-05 23:59:59.999,129.22,True,0.6852192015246362,0
9,sell,2018-02-06 01:59:59.999,125.17,True,0.0,85.76888745483872
10,buy,2018-02-06 07:59:59.999,118.56,True,0.7234217902736059,0
11,sell,2018-02-06 09:59:59.999,107.33,True,0.0,77.64486075006612
12,buy,2018-02-10 12:28:16.811,159.71,True,0.4861615474927438,0
13,sell,2018-02-10 14:28:16.811,159.75,True,0.0,77.66430721196582
14,buy,2018-02-10 20:28:16.811,152.37,True,0.5097086513878442,0
15,sell,2018-02-10 22:28:16.811,149.18,True,0.0,76.0383366140386
16,buy,2018-02-11 00:28:16.811,153.75,True,0.49455828692057624,0
17,sell,2018-02-11 02:28:16.811,151.9,True,0.0,75.12340378323553
18,buy,2018-02-11 07:59:59.999,146.59,True,0.5124729093610446,0
19,sell,2018-02-11 09:59:59.999,141.38,True,0.0,72.45341992546449
20,buy,2018-02-11 11:59:59.999,146.7,True,0.493888343050201,0
21,sell,2018-02-11 13:59:59.999,147.6,True,0.0,72.89791943420967
22,buy,2018-02-12 03:59:59.999,153.4,True,0.4752145986584724,0
23,sell,2018-02-12 05:59:59.999,154.21,True,0.0,73.28284325912303
24,buy,2018-02-13 05:59:59.999,159.39,True,0.4597706459572309,0
25,sell,2018-02-13 07:59:59.999,157.99,True,0.0,72.6391643547829
26,buy,2018-02-13 07:59:59.999,157.99,True,0.45977064595723083,0
27,sell,2018-02-13 09:59:59.999,157.38,True,0.0,72.35870426074898
28,buy,2018-02-13 13:59:59.999,155.7,True,0.46473156236833,0
29,sell,2018-02-13 15:59:59.999,158.23,True,0.0,73.53447511354085
30,buy,2018-02-13 19:59:59.999,157.98,True,0.46546699021104476,0
31,sell,2018-02-13 21:59:59.999,158.47,True,0.0,73.76255393874426
32,buy,2018-02-14 01:59:59.999,159.63,True,0.46208453259878635,0
33,sell,2018-02-14 03:59:59.999,172.01,True,0.0,79.48316045231724
34,buy,2018-02-15 13:59:59.999,219.65,True,0.3618627837574197,0
35,sell,2018-02-15 15:59:59.999,217.61,True,0.0,78.7449603734521
36,buy,2018-02-15 19:59:59.999,221.5,True,0.35550772177630746,0
37,sell,2018-02-15 21:59:59.999,217.15,True,0.0,77.19850178372516
38,buy,2018-02-17 23:59:59.999,228.55,True,0.3377751117205214,0
39,sell,2018-02-18 01:59:59.999,228.0,True,0.0,77.01272547227887
40,buy,2018-02-18 09:59:59.999,219.4,True,0.35101515712068765,0
41,sell,2018-02-18 11:59:59.999,210.85,True,0.0,74.01154587889698
42,buy,2018-02-18 19:59:59.999,227.98,True,0.32464052056714177,0
43,sell,2018-02-18 21:59:59.999,220.0,True,0.0,71.42091452477119
44,buy,2018-02-19 07:59:59.999,214.87,True,0.33239128088970626,0
45,sell,2018-02-19 09:59:59.999,222.09,True,0.0,73.82077957279486
46,buy,2018-02-21 03:59:59.999,224.56,True,0.3287352136301873,0
47,sell,2018-02-21 05:59:59.999,220.93,True,0.0,72.62747074731729
48,buy,2018-02-21 07:59:59.999,219.55,True,0.3308015064783297,0
49,sell,2018-02-21 09:59:59.999,224.16,True,0.0,74.15246569218237
50,buy,2018-02-22 07:59:59.999,218.51,True,0.3393550212447136,0
51,sell,2018-02-22 09:59:59.999,213.05,True,0.0,72.29958727618624
52,buy,2018-02-22 13:59:59.999,206.27,True,0.35050946466372346,0
53,sell,2018-02-22 15:59:59.999,192.9,True,0.0,67.61327573363226
54,buy,2018-02-23 09:59:59.999,193.67,True,0.3491158968019428,0
55,sell,2018-02-23 11:59:59.999,206.95,True,0.0,72.24953484316207
56,buy,2018-02-24 23:59:59.999,198.13,True,0.36465721921547506,0
57,sell,2018-02-25 01:59:59.999,206.5,True,0.0,75.3017157679956
58,buy,2018-02-25 17:59:59.999,209.38,True,0.359641397306312,0
59,sell,2018-02-25 19:59:59.999,209.55,True,0.0,75.36285480553768
60,buy,2018-02-27 13:59:59.999,219.32,True,0.34362053075660076,0
61,sell,2018-02-27 15:59:59.999,219.63,True,0.0,75.46937717007222
62,buy,2018-02-27 21:59:59.999,216.22,True,0.34903976121576274,0
63,sell,2018-02-27 23:59:59.999,218.5,True,0.0,76.26518782564416
64,buy,2018-02-28 15:59:59.999,207.96,True,0.36673008186980266,0
65,sell,2018-02-28 17:59:59.999,208.22,True,0.0,76.36053764693031
66,buy,2018-02-28 19:59:59.999,206.66,True,0.36949839178810756,0
67,sell,2018-02-28 21:59:59.999,207.62,True,0.0,76.7152561030469
68,buy,2018-03-01 03:59:59.999,204.69,True,0.37478751332769994,0
69,sell,2018-03-01 05:59:59.999,201.5,True,0.0,75.51968393553153
70,buy,2018-03-01 09:59:59.999,205.65,True,0.36722433229045237,0
71,sell,2018-03-01 11:59:59.999,207.96,True,0.0,76.36797214312247
72,buy,2018-03-01 15:59:59.999,209.6,True,0.3643510121332179,0
73,sell,2018-03-01 17:59:59.999,213.21,True,0.0,77.68327929692339
74,buy,2018-03-02 17:59:59.999,205.78,True,0.37750645979649816,0
75,sell,2018-03-02 19:59:59.999,205.99,True,0.0,77.76255565348066
76,buy,2018-03-04 07:59:59.999,207.89,True,0.3740562588555518,0
77,sell,2018-03-04 09:59:59.999,205.75,True,0.0,76.96207525952978
78,buy,2018-03-04 21:59:59.999,210.95,True,0.3648356257858724,0
79,sell,2018-03-04 23:59:59.999,211.97,True,0.0,77.33420759783138
80,buy,2018-03-05 11:59:59.999,210.44,True,0.3674881562337549,0
81,sell,2018-03-05 13:59:59.999,214.31,True,0.0,78.75638676245602
82,buy,2018-03-05 23:59:59.999,211.62,True,0.3721594686818638,0
83,sell,2018-03-06 01:59:59.999,210.14,True,0.0,78.20559074880686
84,buy,2018-03-06 03:59:59.999,208.16,True,0.3756994175096409,0
85,sell,2018-03-06 05:59:59.999,208.01,True,0.0,78.14923583618041
86,buy,2018-03-06 11:59:59.999,207.16,True,0.3772409530613072,0
87,sell,2018-03-06 13:59:59.999,202.87,True,0.0,76.5308721475474
88,buy,2018-03-06 21:59:59.999,196.33,True,0.3898073251543187,0
89,sell,2018-03-06 23:59:59.999,198.79,True,0.0,77.48979816742701
90,buy,2018-03-08 07:59:59.999,181.36,True,0.4272706118627426,0
91,sell,2018-03-08 09:59:59.999,184.23,True,0.0,78.71606482347308
92,buy,2018-03-08 15:59:59.999,182.71,True,0.43082515912360064,0
93,sell,2018-03-08 17:59:59.999,184.56,True,0.0,79.51309136785173
94,buy,2018-03-10 21:59:59.999,183.26,True,0.4338813236268238,0
95,sell,2018-03-10 23:59:59.999,177.36,True,0.0,76.95319155845347
96,buy,2018-03-11 03:59:59.999,174.4,True,0.4412453644406735,0
97,sell,2018-03-11 05:59:59.999,176.4,True,0.0,77.83568228733482
98,buy,2018-03-11 13:59:59.999,186.45,True,0.41746142283365417,0
99,sell,2018-03-11 15:59:59.999,186.01,True,0.0,77.65199926128801
100,buy,2018-03-12 07:59:59.999,186.85,True,0.4155846896509928,0
101,sell,2018-03-12 09:59:59.999,187.19,True,0.0,77.79329805576934
102,buy,2018-03-12 19:59:59.999,179.37,True,0.4337029495220457,0
103,sell,2018-03-12 21:59:59.999,175.27,True,0.0,76.01511596272896
104,buy,2018-03-12 23:59:59.999,180.0,True,0.42230619979293865,0
105,sell,2018-03-13 01:59:59.999,177.8,True,0.0,75.0860423231845
106,buy,2018-03-13 15:59:59.999,174.63,True,0.42997218303375423,0
107,sell,2018-03-13 17:59:59.999,174.16,True,0.0,74.88395539715863
108,buy,2018-03-14 15:59:59.999,166.51,True,0.44972647526970533,0
109,sell,2018-03-14 17:59:59.999,167.63,True,0.0,75.3876490494607
110,buy,2018-03-14 21:59:59.999,163.8,True,0.46024205768901527,0
111,sell,2018-03-14 23:59:59.999,159.37,True,0.0,73.34877673389836
112,buy,2018-03-15 09:59:59.999,157.45,True,0.4658544092340322,0
113,sell,2018-03-15 11:59:59.999,164.32,True,0.0,76.54919652533617
114,buy,2018-03-16 13:59:59.999,161.03,True,0.47537226929973403,0
115,sell,2018-03-16 15:59:59.999,166.14,True,0.0,78.9783488214578
116,buy,2018-03-17 05:59:59.999,162.67,True,0.4855126871670118,0
117,sell,2018-03-17 07:59:59.999,160.35,True,0.0,77.85195938723034
118,buy,2018-03-17 09:59:59.999,160.92,True,0.48379293678368346,0
119,sell,2018-03-17 11:59:59.999,162.65,True,0.0,78.68892116786611
120,buy,2018-03-18 05:59:59.999,149.6,True,0.5259954623520462,0
121,sell,2018-03-18 07:59:59.999,148.03,True,0.0,77.8631082919734
122,buy,2018-03-18 13:59:59.999,146.8,True,0.5304026450406907,0
123,sell,2018-03-18 15:59:59.999,142.77,True,0.0,75.72558563245941
124,buy,2018-03-18 19:59:59.999,142.0,True,0.5332787720595733,0
125,sell,2018-03-18 21:59:59.999,141.41,True,0.0,75.41095115694426
126,buy,2018-03-20 11:59:59.999,159.14,True,0.4738654716409719,0
127,sell,2018-03-20 13:59:59.999,160.33,True,0.0,75.97485106819704
128,buy,2018-03-22 01:59:59.999,168.54,True,0.4507823132087163,0
129,sell,2018-03-22 03:59:59.999,172.1,True,0.0,77.57963610322007
130,buy,2018-03-22 17:59:59.999,164.08,True,0.47281591969295506,0
131,sell,2018-03-22 19:59:59.999,164.38,True,0.0,77.72148087912795
132,buy,2018-03-22 23:59:59.999,161.54,True,0.48112839469560453,0
133,sell,2018-03-23 01:59:59.999,163.65,True,0.0,78.73666179193569
134,buy,2018-03-23 09:59:59.999,158.02,True,0.49827023029955503,0
135,sell,2018-03-23 11:59:59.999,159.32,True,0.0,79.3844130913251
136,buy,2018-03-24 15:59:59.999,163.94,True,0.4842284560895761,0
137,sell,2018-03-24 17:59:59.999,165.03,True,0.0,79.91222210846274
138,buy,2018-03-25 06:59:59.999,160.02,True,0.49938896455732246,0
139,sell,2018-03-25 08:59:59.999,159.21,True,0.0,79.50771704717131
140,buy,2018-03-25 10:59:59.999,158.65,True,0.5011516990051769,0
141,sell,2018-03-25 12:59:59.999,159.67,True,0.0,80.01889178015658
142,buy,2018-03-26 00:59:59.999,161.96,True,0.4940657679683661,0
143,sell,2018-03-26 02:59:59.999,160.01,True,0.0,79.05546353261826
144,buy,2018-03-27 08:59:59.999,140.7,True,0.56187251977696,0
145,sell,2018-03-27 10:59:59.999,140.89,True,0.0,79.16221931137588
146,buy,2018-03-27 16:59:59.999,144.17,True,0.5490894035609065,0
147,sell,2018-03-27 18:59:59.999,142.7,True,0.0,78.35505788814136
148,buy,2018-03-28 04:59:59.999,134.46,True,0.5827387913739502,0
149,sell,2018-03-28 06:59:59.999,134.33,True,0.0,78.27930184526274
150,buy,2018-03-28 20:59:59.999,132.55,True,0.590564329273955,0
151,sell,2018-03-28 22:59:59.999,132.88,True,0.0,78.47418807392313
152,buy,2018-03-29 18:59:59.999,121.42,True,0.646303640865781,0
153,sell,2018-03-29 20:59:59.999,119.73,True,0.0,77.38193492085996
154,buy,2018-03-30 04:59:59.999,113.11,True,0.6841299170794798,0
155,sell,2018-03-30 06:59:59.999,113.13,True,0.0,77.39561751920155
156,buy,2018-03-30 14:59:59.999,118.98,True,0.6504926669961468,0
157,sell,2018-03-30 16:59:59.999,118.26,True,0.0,76.92726279896432
158,buy,2018-03-30 18:59:59.999,116.59,True,0.6598101277893843,0
159,sell,2018-03-30 20:59:59.999,114.6,True,0.0,75.61424064466344
160,buy,2018-03-31 18:59:59.999,120.18,True,0.6291749096743504,0
161,sell,2018-03-31 20:59:59.999,120.55,True,0.0,75.84703536124294
162,buy,2018-04-01 12:59:59.999,113.51,True,0.6681969461830934,0
163,sell,2018-04-01 14:59:59.999,112.05,True,0.0,74.87146781981562
164,buy,2018-04-02 04:59:59.999,115.9,True,0.6460005851580295,0
165,sell,2018-04-02 06:59:59.999,118.98,True,0.0,76.86114962210235
166,buy,2018-04-04 08:59:59.999,129.46,True,0.5937057749274088,0
167,sell,2018-04-04 10:59:59.999,129.19,True,0.0,76.70084906287195
168,buy,2018-04-04 22:59:59.999,119.64,True,0.641097033290471,0
169,sell,2018-04-05 00:59:59.999,118.44,True,0.0,75.93153262292338
170,buy,2018-04-05 16:59:59.999,119.56,True,0.6350914404727617,0
171,sell,2018-04-05 18:59:59.999,118.96,True,0.0,75.55047775863973
172,buy,2018-04-06 14:59:59.999,114.77,True,0.6582772306233313,0
173,sell,2018-04-06 16:59:59.999,114.15,True,0.0,75.14234587565328
174,buy,2018-04-06 22:59:59.999,113.29,True,0.6632743037836815,0
175,sell,2018-04-07 00:59:59.999,113.07,True,0.0,74.99642552882086
176,buy,2018-04-07 02:59:59.999,112.79,True,0.6649208753331045,0
177,sell,2018-04-07 04:59:59.999,116.9,True,0.0,77.72925032643992
178,buy,2018-04-07 16:59:59.999,116.31,True,0.6682937866601317,0
179,sell,2018-04-07 18:59:59.999,118.59,True,0.0,79.25296016002503
180,buy,2018-04-08 06:59:59.999,116.74,True,0.6788843597740708,0
181,sell,2018-04-08 08:59:59.999,115.91,True,0.0,78.68948614141254
182,buy,2018-04-09 18:59:59.999,114.75,True,0.6857471559164492,0
183,sell,2018-04-09 20:59:59.999,114.46,True,0.0,78.49061946619678
184,buy,2018-04-10 00:59:59.999,114.22,True,0.6871880534599613,0
185,sell,2018-04-10 02:59:59.999,114.79,True,0.0,78.88231665666896
186,buy,2018-04-10 12:59:59.999,113.91,True,0.6924968541538843,0
187,sell,2018-04-10 14:59:59.999,113.64,True,0.0,78.69534250604741
188,buy,2018-04-11 00:59:59.999,114.2,True,0.6891010727324641,0
189,sell,2018-04-11 02:59:59.999,114.25,True,0.0,78.72979755968403
190,buy,2018-04-11 02:59:59.999,114.25,True,0.6891010727324641,0
191,sell,2018-04-11 04:59:59.999,113.92,True,0.0,78.50239420568231
192,buy,2018-04-11 10:59:59.999,114.0,True,0.6886174930323009,0
193,sell,2018-04-11 12:59:59.999,114.22,True,0.0,78.65389005414941
194,buy,2018-04-11 14:59:59.999,114.4,True,0.6875340039698375,0
195,sell,2018-04-11 16:59:59.999,115.1,True,0.0,79.1351638569283
196,buy,2018-04-11 22:59:59.999,114.54,True,0.6908954413910275,0
197,sell,2018-04-12 00:59:59.999,115.0,True,0.0,79.45297575996817
198,buy,2018-04-12 14:59:59.999,122.7,True,0.6475385147511667,0
199,sell,2018-04-12 16:59:59.999,121.73,True,0.0,78.82486340065952
200,buy,2018-04-14 10:59:59.999,128.93,True,0.6113772077922867,0
201,sell,2018-04-14 12:59:59.999,127.34,True,0.0,77.85277364026979
202,buy,2018-04-14 16:59:59.999,125.68,True,0.6194523682389385,0
203,sell,2018-04-14 18:59:59.999,126.0,True,0.0,78.05099839810624
204,buy,2018-04-16 10:59:59.999,127.63,True,0.6115411611541663,0
205,sell,2018-04-16 12:59:59.999,128.06,True,0.0,78.31396109740254
206,buy,2018-04-16 14:59:59.999,127.69,True,0.6133131889529528,0
207,sell,2018-04-16 16:59:59.999,125.81,True,0.0,77.16093230217099
208,buy,2018-04-17 10:59:59.999,134.8,True,0.5724104770190725,0
209,sell,2018-04-17 12:59:59.999,137.3,True,0.0,78.59195849471867
210,buy,2018-04-18 04:59:59.999,134.85,True,0.5828102224302459,0
211,sell,2018-04-18 06:59:59.999,134.51,True,0.0,78.39380301909237
212,buy,2018-04-18 18:59:59.999,135.68,True,0.5777845151760935,0
213,sell,2018-04-18 20:59:59.999,137.46,True,0.0,79.42225945610582
214,buy,2018-04-21 22:59:59.999,148.35,True,0.535370808601994,0
215,sell,2018-04-22 00:59:59.999,146.61,True,0.0,78.49071424913835
216,buy,2018-04-22 00:59:59.999,146.61,True,0.535370808601994,0
217,sell,2018-04-22 02:59:59.999,148.4,True,0.0,79.44902799653592
218,buy,2018-04-22 16:59:59.999,150.15,True,0.5291310555879848,0
219,sell,2018-04-22 18:59:59.999,149.99,True,0.0,79.36436702764185
220,buy,2018-04-23 08:59:59.999,148.8,True,0.533362681637378,0
221,sell,2018-04-23 10:59:59.999,152.5,True,0.0,81.33780894970015
222,buy,2018-04-25 04:59:59.999,161.61,True,0.5032968810698604,0
223,sell,2018-04-25 06:59:59.999,153.51,True,0.0,77.26110421303426
224,buy,2018-04-25 08:59:59.999,155.44,True,0.4970477625645539,0
225,sell,2018-04-25 10:59:59.999,154.76,True,0.0,76.92311173449036
226,buy,2018-04-25 14:59:59.999,148.39,True,0.518384741117935,0
227,sell,2018-04-25 16:59:59.999,146.79,True,0.0,76.09369614870167
228,buy,2018-04-25 18:59:59.999,146.48,True,0.5194818142319885,0
229,sell,2018-04-25 20:59:59.999,147.56,True,0.0,76.65473650807222
230,buy,2018-04-26 04:59:59.999,143.8,True,0.5330649270380543,0
231,sell,2018-04-26 06:59:59.999,144.92,True,0.0,77.25176922635482
232,buy,2018-04-26 10:59:59.999,145.9,True,0.5294843675555505,0
233,sell,2018-04-26 12:59:59.999,143.49,True,0.0,75.97571190054595
234,buy,2018-04-28 12:59:59.999,149.88,True,0.506910274223018,0
235,sell,2018-04-28 14:59:59.999,148.69,True,0.0,75.37248867422055
236,buy,2018-04-29 14:59:59.999,149.77,True,0.50325491536503,0
237,sell,2018-04-29 16:59:59.999,152.08,True,0.0,76.53500752871376
238,buy,2018-04-29 20:59:59.999,151.88,True,0.5039176160700143,0
239,sell,2018-04-29 22:59:59.999,151.7,True,0.0,76.44430235782116
240,buy,2018-04-30 00:59:59.999,152.32,True,0.5018664808155275,0
241,sell,2018-04-30 02:59:59.999,153.5,True,0.0,77.03650480518348
242,buy,2018-04-30 12:59:59.999,150.39,True,0.5122448620598676,0
243,sell,2018-04-30 14:59:59.999,150.62,True,0.0,77.15432112345727
244,buy,2018-04-30 18:59:59.999,150.96,True,0.5110911574155886,0
245,sell,2018-04-30 20:59:59.999,151.23,True,0.0,77.29231573595946
246,buy,2018-05-01 04:59:59.999,145.44,True,0.5314378144661679,0
247,sell,2018-05-01 06:59:59.999,143.79,True,0.0,76.41544334209027
248,buy,2018-05-04 18:59:59.999,160.47,True,0.4761976901731805,0
249,sell,2018-05-04 20:59:59.999,163.7,True,0.0,77.95356188134964
250,buy,2018-05-06 10:59:59.999,174.37,True,0.4470583350424364,0
251,sell,2018-05-06 12:59:59.999,170.89,True,0.0,76.39779887540195
252,buy,2018-05-06 16:59:59.999,169.89,True,0.4496897926623224,0
253,sell,2018-05-06 18:59:59.999,168.33,True,0.0,75.69628279884873
254,buy,2018-05-07 06:59:59.999,165.0,True,0.4587653502960529,0
255,sell,2018-05-07 08:59:59.999,165.1,True,0.0,75.74215933387833
256,buy,2018-05-07 14:59:59.999,162.35,True,0.46653624474209016,0
257,sell,2018-05-07 16:59:59.999,160.11,True,0.0,74.69711814565606
258,buy,2018-05-07 18:59:59.999,162.9,True,0.45854584497026435,0
259,sell,2018-05-07 20:59:59.999,163.43,True,0.0,74.9401474434903
260,buy,2018-05-07 22:59:59.999,166.05,True,0.4513107343781409,0
261,sell,2018-05-08 00:59:59.999,166.41,True,0.0,75.10261930786642
262,buy,2018-05-08 02:59:59.999,164.59,True,0.45630122916256405,0
263,sell,2018-05-08 04:59:59.999,167.03,True,0.0,76.21599430702307
264,buy,2018-05-08 10:59:59.999,164.82,True,0.46241957473014844,0
265,sell,2018-05-08 12:59:59.999,161.85,True,0.0,74.84260817007453
266,buy,2018-05-08 16:59:59.999,159.4,True,0.46952702741577496,0
267,sell,2018-05-08 18:59:59.999,160.27,True,0.0,75.25109668392626
268,buy,2018-05-08 22:59:59.999,159.7,True,0.47120285963635733,0
269,sell,2018-05-09 00:59:59.999,157.83,True,0.0,74.36994733640628
270,buy,2018-05-09 08:59:59.999,154.02,True,0.48285902698614647,0
271,sell,2018-05-09 10:59:59.999,152.74,True,0.0,73.75188778186401
272,buy,2018-05-09 12:59:59.999,154.02,True,0.47884617440503835,0
273,sell,2018-05-09 14:59:59.999,158.3,True,0.0,75.80134940831758
274,buy,2018-05-09 18:59:59.999,157.86,True,0.48018085270694016,0
275,sell,2018-05-09 20:59:59.999,158.68,True,0.0,76.19509770753727
276,buy,2018-05-10 10:59:59.999,159.25,True,0.4784621520096532,0
277,sell,2018-05-10 12:59:59.999,157.76,True,0.0,75.48218910104288
278,buy,2018-05-10 16:59:59.999,158.11,True,0.47740300487662307,0
279,sell,2018-05-10 18:59:59.999,157.1,True,0.0,75.00001206611748
280,buy,2018-05-11 00:59:59.999,151.69,True,0.49442950798416163,0
281,sell,2018-05-11 02:59:59.999,148.16,True,0.0,73.25467590293339
282,buy,2018-05-11 04:59:59.999,147.61,True,0.49627176954768226,0
283,sell,2018-05-11 06:59:59.999,146.8,True,0.0,72.85269576959976
284,buy,2018-05-11 12:59:59.999,142.43,True,0.5114982501551623,0
285,sell,2018-05-11 14:59:59.999,138.46,True,0.0,70.82204771648377
286,buy,2018-05-11 22:59:59.999,139.9,True,0.5062333646639297,0
287,sell,2018-05-12 00:59:59.999,134.08,True,0.0,67.87576953413969
288,buy,2018-05-12 10:59:59.999,134.5,True,0.5046525615921167,0
289,sell,2018-05-12 12:59:59.999,139.1,True,0.0,70.19717131746343
290,buy,2018-05-13 04:59:59.999,140.55,True,0.4994462562608568,0
291,sell,2018-05-13 06:59:59.999,139.21,True,0.0,69.52791333407389
292,buy,2018-05-13 12:59:59.999,140.69,True,0.494192290383637,0
293,sell,2018-05-13 14:59:59.999,139.72,True,0.0,69.04854681240175
294,buy,2018-05-14 04:59:59.999,143.64,True,0.480705561211374,0
295,sell,2018-05-14 06:59:59.999,136.87,True,0.0,65.79417016300076
296,buy,2018-05-14 14:59:59.999,137.92,True,0.4770458973535438,0
297,sell,2018-05-14 16:59:59.999,142.88,True,0.0,68.16031781387434
298,buy,2018-05-14 16:59:59.999,142.88,True,0.47704589735354386,0
299,sell,2018-05-14 18:59:59.999,145.41,True,0.0,69.36724393417882
300,buy,2018-05-15 06:59:59.999,146.66,True,0.4729799804594219,0
301,sell,2018-05-15 08:59:59.999,147.32,True,0.0,69.67941072128204
302,buy,2018-05-15 22:59:59.999,140.52,True,0.4958682801116,0
303,sell,2018-05-16 00:59:59.999,139.51,True,0.0,69.17858375836931
304,buy,2018-05-16 02:59:59.999,139.35,True,0.49643763012823333,0
305,sell,2018-05-16 04:59:59.999,135.98,True,0.0,67.50558894483716
306,buy,2018-05-16 12:59:59.999,136.62,True,0.49411205493219995,0
307,sell,2018-05-16 14:59:59.999,139.12,True,0.0,68.74086908216766
308,buy,2018-05-17 08:59:59.999,138.94,True,0.49475218858620745,0
309,sell,2018-05-17 10:59:59.999,137.16,True,0.0,67.86021018648421
310,buy,2018-05-18 10:59:59.999,132.11,True,0.5136644477063371,0
311,sell,2018-05-18 12:59:59.999,132.48,True,0.0,68.05026603213554
312,buy,2018-05-18 18:59:59.999,132.18,True,0.5148302771382625,0
313,sell,2018-05-18 20:59:59.999,132.4,True,0.0,68.16352869310596
314,buy,2018-05-19 12:59:59.999,133.96,True,0.5088349409757088,0
315,sell,2018-05-19 14:59:59.999,136.73,True,0.0,69.57300147960866
316,buy,2018-05-20 02:59:59.999,134.95,True,0.5155465096673484,0
317,sell,2018-05-20 04:59:59.999,134.0,True,0.0,69.08323229542468
318,buy,2018-05-20 04:59:59.999,134.0,True,0.5155465096673484,0
319,sell,2018-05-20 06:59:59.999,134.09,True,0.0,69.12963148129475
320,buy,2018-05-21 18:59:59.999,135.25,True,0.511124816867244,0
321,sell,2018-05-21 20:59:59.999,134.54,True,0.0,68.766732861319
322,buy,2018-05-21 22:59:59.999,134.36,True,0.5118095628261312,0
323,sell,2018-05-22 00:59:59.999,135.0,True,0.0,69.09429098152772
324,buy,2018-05-22 16:59:59.999,132.72,True,0.5206019513376109,0
325,sell,2018-05-22 18:59:59.999,132.39,True,0.0,68.9224923375863
326,buy,2018-05-24 12:59:59.999,117.18,True,0.5881762445603883,0
327,sell,2018-05-24 14:59:59.999,117.15,True,0.0,68.90484705024949
328,buy,2018-05-24 16:59:59.999,120.38,True,0.5723944762439732,0
329,sell,2018-05-24 18:59:59.999,123.21,True,0.0,70.52472341801993
330,buy,2018-05-25 14:59:59.999,120.5,True,0.5852674142574268,0
331,sell,2018-05-25 16:59:59.999,119.88,True,0.0,70.16185762118032
332,buy,2018-05-25 18:59:59.999,120.75,True,0.5810505807137086,0
333,sell,2018-05-25 20:59:59.999,118.32,True,0.0,68.749904710046
334,buy,2018-05-25 22:59:59.999,117.99,True,0.5826756903978811,0
335,sell,2018-05-26 00:59:59.999,118.11,True,0.0,68.81982579289374
336,buy,2018-05-26 02:59:59.999,118.87,True,0.5789503305534932,0
337,sell,2018-05-26 04:59:59.999,118.91,True,0.0,68.84298380611588
338,buy,2018-05-26 08:59:59.999,118.97,True,0.5786583492150617,0
339,sell,2018-05-26 10:59:59.999,121.46,True,0.0,70.28384309566138
340,buy,2018-05-26 16:59:59.999,120.96,True,0.5810502901427033,0
341,sell,2018-05-26 18:59:59.999,120.54,True,0.0,70.03980197380146
342,buy,2018-05-27 12:59:59.999,117.79,True,0.5946158585092237,0
343,sell,2018-05-27 14:59:59.999,117.73,True,0.0,70.0041250222909
344,buy,2018-05-28 10:59:59.999,113.36,True,0.6175381529842175,0
345,sell,2018-05-28 12:59:59.999,112.68,True,0.0,69.58419907826163
346,buy,2018-05-28 16:59:59.999,114.51,True,0.607669191147163,0
347,sell,2018-05-28 18:59:59.999,114.14,True,0.0,69.35936147753719
348,buy,2018-05-28 20:59:59.999,113.73,True,0.6098598564805873,0
349,sell,2018-05-28 22:59:59.999,113.74,True,0.0,69.365460076102
350,buy,2018-05-29 04:59:59.999,111.14,True,0.6241268676993161,0
351,sell,2018-05-29 06:59:59.999,112.06,True,0.0,69.93965679438537
352,buy,2018-05-31 02:59:59.999,117.18,True,0.5968566034680437,0
353,sell,2018-05-31 04:59:59.999,116.19,True,0.0,69.348768756952
354,buy,2018-05-31 06:59:59.999,117.02,True,0.5926232161763118,0
355,sell,2018-05-31 08:59:59.999,119.25,True,0.0,70.67031852902518
356,buy,2018-05-31 20:59:59.999,120.33,True,0.5873042344305259,0
357,sell,2018-05-31 22:59:59.999,119.23,True,0.0,70.02428387115161
358,buy,2018-06-01 00:59:59.999,119.59,True,0.5855362812204332,0
359,sell,2018-06-01 02:59:59.999,118.25,True,0.0,69.23966525431622
360,buy,2018-06-01 16:59:59.999,118.2,True,0.5857839700026753,0
361,sell,2018-06-01 18:59:59.999,118.53,True,0.0,69.43297396441712
362,buy,2018-06-03 22:59:59.999,124.8,True,0.5563539580482141,0
363,sell,2018-06-04 00:59:59.999,124.96,True,0.0,69.52199059770483
364,buy,2018-06-04 02:59:59.999,125.33,True,0.5547114864573911,0
365,sell,2018-06-04 04:59:59.999,126.14,True,0.0,69.97130690173532
366,buy,2018-06-04 10:59:59.999,122.51,True,0.5711477177514922,0
367,sell,2018-06-04 12:59:59.999,122.37,True,0.0,69.8913462212501
368,buy,2018-06-04 12:59:59.999,122.37,True,0.5711477177514922,0
369,sell,2018-06-04 14:59:59.999,119.97,True,0.0,68.52059169864651
370,buy,2018-06-04 18:59:59.999,119.45,True,0.5736340870543869,0
371,sell,2018-06-04 20:59:59.999,119.28,True,0.0,68.42307390384727
372,buy,2018-06-05 08:59:59.999,117.08,True,0.5844129988370966,0
373,sell,2018-06-05 10:59:59.999,117.2,True,0.0,68.49320346370773
374,buy,2018-06-05 14:59:59.999,117.51,True,0.5828712744762805,0
375,sell,2018-06-05 16:59:59.999,116.85,True,0.0,68.10850842255337
376,buy,2018-06-05 18:59:59.999,120.31,True,0.566108456674868,0
377,sell,2018-06-05 20:59:59.999,121.44,True,0.0,68.74821097859596
